[{"id": 149, "name": "\u0421\u043e\u043a Rich", "amount": 4.26, "lender": 1181, "date": "2023-08-25", "description": "\u041f\u043e\u043a\u0443\u043f\u0430\u043b \u0432 \u0421\u043e\u0441\u0435\u0434\u044f\u0445", "debtors_entries": "[{\"debtor_id\": 1, \"multiplier\": 1.0, \"fulfilled\": true}]", "restrictions": "[67]"}, {"id": 154, "name": "\u0424\u0438\u043b\u044c\u0442\u0440 \u0430\u0432\u0433\u0443\u0441\u0442", "amount": 14.0, "lender": 1, "date": "2023-08-20", "description": "\u041d\u0435\u0442 \u043e\u043f\u0438\u0441\u0430\u043d\u0438\u044f", "debtors_entries": "[{\"debtor_id\": 1, \"multiplier\": 1.0, \"fulfilled\": true}, {\"debtor_id\": 1181, \"multiplier\": 1.0, \"fulfilled\": true}]", "restrictions": "[67]"}, {"id": 152, "name": "\u0420\u043e\u0437\u0435\u0442\u043a\u0430 \u0434\u043e \u044f\u043d\u0432\u0430\u0440\u044f \u0434\u043b\u044f \u0410 \u043a\u043e\u043c\u043d\u0430\u0442\u044b", "amount": 17.32, "lender": 1, "date": "2023-09-10", "description": "\u041d\u0435\u0442 \u043e\u043f\u0438\u0441\u0430\u043d\u0438\u044f", "debtors_entries": "[{\"debtor_id\": 1182, \"multiplier\": 1.0, \"fulfilled\": true}, {\"debtor_id\": 1185, \"multiplier\": 1.0, \"fulfilled\": true}, {\"debtor_id\": 1183, \"multiplier\": 1.0, \"fulfilled\": true}, {\"debtor_id\": 1184, \"multiplier\": 1.0, \"fulfilled\": true}]", "restrictions": "[68, 67]"}, {"id": 150, "name": "\u041f\u043e\u0434\u043a\u043b\u044e\u0447\u0435\u043d\u0438\u0435 \u0438\u043d\u0442\u0435\u0440\u043d\u0435\u0442\u0430", "amount": 5.99, "lender": 1, "date": "2023-09-10", "description": "\u041d\u0435\u0442 \u043e\u043f\u0438\u0441\u0430\u043d\u0438\u044f", "debtors_entries": "[{\"debtor_id\": 1181, \"multiplier\": 1.0, \"fulfilled\": true}, {\"debtor_id\": 1182, \"multiplier\": 1.0, \"fulfilled\": true}, {\"debtor_id\": 1185, \"multiplier\": 1.0, \"fulfilled\": true}, {\"debtor_id\": 1183, \"multiplier\": 1.0, \"fulfilled\": true}, {\"debtor_id\": 1184, \"multiplier\": 1.0, \"fulfilled\": true}, {\"debtor_id\": 1, \"multiplier\": 1.0, \"fulfilled\": true}]", "restrictions": "[67, 68]"}, {"id": 153, "name": "\u0425\u043e\u043b\u043e\u0434\u0438\u043b\u044c\u043d\u0438\u043a \u0438 \u0438\u043d\u0442\u0435\u0440\u043d\u0435\u0442 \u0437\u0430 \u0441\u0435\u043d\u0442\u044f\u0431\u0440\u044c \u0438 \u043e\u043a\u0442\u044f\u0431\u0440\u044c", "amount": 133.27, "lender": 1, "date": "2023-12-10", "description": "\u041d\u0435\u0442 \u043e\u043f\u0438\u0441\u0430\u043d\u0438\u044f", "debtors_entries": "[{\"debtor_id\": 1, \"multiplier\": 1.0, \"fulfilled\": true}, {\"debtor_id\": 1181, \"multiplier\": 1.0, \"fulfilled\": true}]", "restrictions": "[67]"}, {"id": 155, "name": "\u0424\u0438\u043b\u044c\u0442\u0440 \u043e\u043a\u0442\u044f\u0431\u0440\u044c", "amount": 14.0, "lender": 1, "date": "2023-10-20", "description": "\u041d\u0435\u0442 \u043e\u043f\u0438\u0441\u0430\u043d\u0438\u044f", "debtors_entries": "[{\"debtor_id\": 1, \"multiplier\": 1.0, \"fulfilled\": true}, {\"debtor_id\": 1181, \"multiplier\": 1.0, \"fulfilled\": true}]", "restrictions": "[67]"}, {"id": 156, "name": "\u0418\u043d\u0442\u0435\u0440\u043d\u0435\u0442 \u0438 \u0445\u043e\u043b\u043e\u0434\u0438\u043b\u044c\u043d\u0438\u043a \u0437\u0430 \u043d\u043e\u044f\u0431\u0440\u044c", "amount": 66.63, "lender": 1, "date": "2023-11-01", "description": "\u041d\u0435\u0442 \u043e\u043f\u0438\u0441\u0430\u043d\u0438\u044f", "debtors_entries": "[{\"debtor_id\": 1, \"multiplier\": 1.0, \"fulfilled\": true}, {\"debtor_id\": 1181, \"multiplier\": 1.0, \"fulfilled\": true}]", "restrictions": "[67]"}, {"id": 157, "name": "\u0418\u043d\u0442\u0435\u0440\u043d\u0435\u0442 \u0438 \u0445\u043e\u043b\u043e\u0434\u0438\u043b\u044c\u043d\u0438\u043a \u0437\u0430 \u0434\u0435\u043a\u0430\u0431\u0440\u044c", "amount": 66.63, "lender": 1, "date": "2023-12-01", "description": "\u041d\u0435\u0442 \u043e\u043f\u0438\u0441\u0430\u043d\u0438\u044f", "debtors_entries": "[{\"debtor_id\": 1181, \"multiplier\": 1.0, \"fulfilled\": false}, {\"debtor_id\": 1, \"multiplier\": 1.0, \"fulfilled\": true}]", "restrictions": "[67]"}]